Time (hrs),LED Luminosity,Unit Number,Temperature (K)
336,0.9704,Unit 1,298.15
672,0.9439,Unit 1,298.15
1008,0.9614,Unit 1,298.15
1344,0.9008,Unit 1,298.15
1680,0.9273,Unit 1,298.15
2016,0.8753,Unit 1,298.15
2352,0.8793,Unit 1,298.15
2688,0.9106,Unit 1,298.15
3024,0.8572,Unit 1,298.15
3360,0.8572,Unit 1,298.15
3696,0.8698,Unit 1,298.15
4032,0.8369,Unit 1,298.15
4368,0.839,Unit 1,298.15
4704,0.7949,Unit 1,298.15
5040,0.8113,Unit 1,298.15
5376,0.7658,Unit 1,298.15
5712,0.8094,Unit 1,298.15
6048,0.761,Unit 1,298.15
6384,0.8047,Unit 1,298.15
6720,0.7731,Unit 1,298.15
7056,0.7853,Unit 1,298.15
7392,0.7681,Unit 1,298.15
7728,0.7555,Unit 1,298.15
8064,0.7531,Unit 1,298.15
8400,0.7574,Unit 1,298.15
8736,0.7496,Unit 1,298.15
9072,0.7396,Unit 1,298.15
9408,0.7212,Unit 1,298.15
9744,0.7262,Unit 1,298.15
336,0.9081,Unit 2,298.15
672,0.8351,Unit 2,298.15
1008,0.8663,Unit 2,298.15
1344,0.8183,Unit 2,298.15
1680,0.8304,Unit 2,298.15
2016,0.7983,Unit 2,298.15
2352,0.798,Unit 2,298.15
2688,0.7888,Unit 2,298.15
3024,0.7656,Unit 2,298.15
3360,0.7768,Unit 2,298.15
3696,0.7544,Unit 2,298.15
4032,0.737,Unit 2,298.15
4368,0.7056,Unit 2,298.15
4704,0.7628,Unit 2,298.15
5040,0.7706,Unit 2,298.15
5376,0.73,Unit 2,298.15
5712,0.7047,Unit 2,298.15
6048,0.7203,Unit 2,298.15
6384,0.7087,Unit 2,298.15
6720,0.7201,Unit 2,298.15
7056,0.6961,Unit 2,298.15
7392,0.7152,Unit 2,298.15
7728,0.718,Unit 2,298.15
8064,0.6998,Unit 2,298.15
8400,0.6744,Unit 2,298.15
8736,0.7155,Unit 2,298.15
9072,0.7133,Unit 2,298.15
9408,0.6708,Unit 2,298.15
9744,0.6841,Unit 2,298.15
336,0.9483,Unit 3,298.15
672,0.9485,Unit 3,298.15
1008,0.9348,Unit 3,298.15
1344,0.9193,Unit 3,298.15
1680,0.8926,Unit 3,298.15
2016,0.8888,Unit 3,298.15
2352,0.8957,Unit 3,298.15
2688,0.8518,Unit 3,298.15
3024,0.8511,Unit 3,298.15
3360,0.8631,Unit 3,298.15
3696,0.8463,Unit 3,298.15
4032,0.8594,Unit 3,298.15
4368,0.8282,Unit 3,298.15
4704,0.8518,Unit 3,298.15
5040,0.8619,Unit 3,298.15
5376,0.8385,Unit 3,298.15
5712,0.8275,Unit 3,298.15
6048,0.8128,Unit 3,298.15
6384,0.8097,Unit 3,298.15
6720,0.7861,Unit 3,298.15
7056,0.7874,Unit 3,298.15
7392,0.7777,Unit 3,298.15
7728,0.7682,Unit 3,298.15
8064,0.7684,Unit 3,298.15
8400,0.7575,Unit 3,298.15
8736,0.7683,Unit 3,298.15
9072,0.7549,Unit 3,298.15
9408,0.7572,Unit 3,298.15
9744,0.7486,Unit 3,298.15
336,0.9171,Unit 4,298.15
672,0.8832,Unit 4,298.15
1008,0.8893,Unit 4,298.15
1344,0.8805,Unit 4,298.15
1680,0.8388,Unit 4,298.15
2016,0.8706,Unit 4,298.15
2352,0.812,Unit 4,298.15
2688,0.8432,Unit 4,298.15
3024,0.817,Unit 4,298.15
3360,0.775,Unit 4,298.15
3696,0.8072,Unit 4,298.15
4032,0.8003,Unit 4,298.15
4368,0.7571,Unit 4,298.15
4704,0.793,Unit 4,298.15
5040,0.7695,Unit 4,298.15
5376,0.7768,Unit 4,298.15
5712,0.7662,Unit 4,298.15
6048,0.758,Unit 4,298.15
6384,0.7673,Unit 4,298.15
6720,0.7431,Unit 4,298.15
7056,0.7128,Unit 4,298.15
7392,0.7206,Unit 4,298.15
7728,0.7443,Unit 4,298.15
8064,0.7096,Unit 4,298.15
8400,0.7015,Unit 4,298.15
8736,0.7304,Unit 4,298.15
9072,0.7528,Unit 4,298.15
9408,0.7133,Unit 4,298.15
9744,0.7489,Unit 4,298.15
336,0.9872,Unit 5,298.15
672,0.9688,Unit 5,298.15
1008,0.9264,Unit 5,298.15
1344,0.9547,Unit 5,298.15
1680,0.9385,Unit 5,298.15
2016,0.9248,Unit 5,298.15
2352,0.9276,Unit 5,298.15
2688,0.9221,Unit 5,298.15
3024,0.8826,Unit 5,298.15
3360,0.9039,Unit 5,298.15
3696,0.8799,Unit 5,298.15
4032,0.8552,Unit 5,298.15
4368,0.872,Unit 5,298.15
4704,0.8824,Unit 5,298.15
5040,0.8706,Unit 5,298.15
5376,0.8732,Unit 5,298.15
5712,0.8398,Unit 5,298.15
6048,0.8042,Unit 5,298.15
6384,0.833,Unit 5,298.15
6720,0.841,Unit 5,298.15
7056,0.8338,Unit 5,298.15
7392,0.7922,Unit 5,298.15
7728,0.8285,Unit 5,298.15
8064,0.8066,Unit 5,298.15
8400,0.7927,Unit 5,298.15
8736,0.7643,Unit 5,298.15
9072,0.7922,Unit 5,298.15
9408,0.8036,Unit 5,298.15
9744,0.7992,Unit 5,298.15
336,1.0151,Unit 6,298.15
672,0.9798,Unit 6,298.15
1008,0.9834,Unit 6,298.15
1344,0.9678,Unit 6,298.15
1680,0.9219,Unit 6,298.15
2016,0.9269,Unit 6,298.15
2352,0.9147,Unit 6,298.15
2688,0.9308,Unit 6,298.15
3024,0.8963,Unit 6,298.15
3360,0.9205,Unit 6,298.15
3696,0.9145,Unit 6,298.15
4032,0.9076,Unit 6,298.15
4368,0.8913,Unit 6,298.15
4704,0.9049,Unit 6,298.15
5040,0.9048,Unit 6,298.15
5376,0.9052,Unit 6,298.15
5712,0.8567,Unit 6,298.15
6048,0.8589,Unit 6,298.15
6384,0.8652,Unit 6,298.15
6720,0.8227,Unit 6,298.15
7056,0.8514,Unit 6,298.15
7392,0.8747,Unit 6,298.15
7728,0.8787,Unit 6,298.15
8064,0.8266,Unit 6,298.15
8400,0.8423,Unit 6,298.15
8736,0.8153,Unit 6,298.15
9072,0.8144,Unit 6,298.15
9408,0.8105,Unit 6,298.15
9744,0.8281,Unit 6,298.15
336,0.9814,Unit 7,298.15
672,0.9571,Unit 7,298.15
1008,0.9439,Unit 7,298.15
1344,0.9761,Unit 7,298.15
1680,0.948,Unit 7,298.15
2016,0.9572,Unit 7,298.15
2352,0.9457,Unit 7,298.15
2688,0.9331,Unit 7,298.15
3024,0.9425,Unit 7,298.15
3360,0.9464,Unit 7,298.15
3696,0.9178,Unit 7,298.15
4032,0.9152,Unit 7,298.15
4368,0.891,Unit 7,298.15
4704,0.8874,Unit 7,298.15
5040,0.9114,Unit 7,298.15
5376,0.8974,Unit 7,298.15
5712,0.886,Unit 7,298.15
6048,0.892,Unit 7,298.15
6384,0.8954,Unit 7,298.15
6720,0.8627,Unit 7,298.15
7056,0.881,Unit 7,298.15
7392,0.8649,Unit 7,298.15
7728,0.8713,Unit 7,298.15
8064,0.8476,Unit 7,298.15
8400,0.8712,Unit 7,298.15
8736,0.8605,Unit 7,298.15
9072,0.8333,Unit 7,298.15
9408,0.8306,Unit 7,298.15
9744,0.8166,Unit 7,298.15
336,0.9642,Unit 8,298.15
672,0.9784,Unit 8,298.15
1008,0.9514,Unit 8,298.15
1344,0.899,Unit 8,298.15
1680,0.9057,Unit 8,298.15
2016,0.9144,Unit 8,298.15
2352,0.9181,Unit 8,298.15
2688,0.9058,Unit 8,298.15
3024,0.8976,Unit 8,298.15
3360,0.8881,Unit 8,298.15
3696,0.8955,Unit 8,298.15
4032,0.8568,Unit 8,298.15
4368,0.8756,Unit 8,298.15
4704,0.8335,Unit 8,298.15
5040,0.8738,Unit 8,298.15
5376,0.8392,Unit 8,298.15
5712,0.8488,Unit 8,298.15
6048,0.8475,Unit 8,298.15
6384,0.8399,Unit 8,298.15
6720,0.8245,Unit 8,298.15
7056,0.8277,Unit 8,298.15
7392,0.8252,Unit 8,298.15
7728,0.7972,Unit 8,298.15
8064,0.8115,Unit 8,298.15
8400,0.7999,Unit 8,298.15
8736,0.806,Unit 8,298.15
9072,0.817,Unit 8,298.15
9408,0.8162,Unit 8,298.15
9744,0.7806,Unit 8,298.15
336,0.9262,Unit 9,298.15
672,0.903,Unit 9,298.15
1008,0.8627,Unit 9,298.15
1344,0.8498,Unit 9,298.15
1680,0.8833,Unit 9,298.15
2016,0.8309,Unit 9,298.15
2352,0.8339,Unit 9,298.15
2688,0.8048,Unit 9,298.15
3024,0.8265,Unit 9,298.15
3360,0.7952,Unit 9,298.15
3696,0.8049,Unit 9,298.15
4032,0.8164,Unit 9,298.15
4368,0.7855,Unit 9,298.15
4704,0.7949,Unit 9,298.15
5040,0.7963,Unit 9,298.15
5376,0.7711,Unit 9,298.15
5712,0.7762,Unit 9,298.15
6048,0.7731,Unit 9,298.15
6384,0.7789,Unit 9,298.15
6720,0.7492,Unit 9,298.15
7056,0.759,Unit 9,298.15
7392,0.765,Unit 9,298.15
7728,0.7312,Unit 9,298.15
8064,0.7449,Unit 9,298.15
8400,0.77,Unit 9,298.15
8736,0.7379,Unit 9,298.15
9072,0.7522,Unit 9,298.15
9408,0.71,Unit 9,298.15
9744,0.7245,Unit 9,298.15
336,0.9532,Unit 10,298.15
672,0.945,Unit 10,298.15
1008,0.9524,Unit 10,298.15
1344,0.9275,Unit 10,298.15
1680,0.9125,Unit 10,298.15
2016,0.91,Unit 10,298.15
2352,0.8961,Unit 10,298.15
2688,0.8845,Unit 10,298.15
3024,0.8623,Unit 10,298.15
3360,0.8457,Unit 10,298.15
3696,0.8876,Unit 10,298.15
4032,0.8537,Unit 10,298.15
4368,0.8735,Unit 10,298.15
4704,0.8481,Unit 10,298.15
5040,0.8376,Unit 10,298.15
5376,0.8466,Unit 10,298.15
5712,0.8462,Unit 10,298.15
6048,0.8493,Unit 10,298.15
6384,0.8301,Unit 10,298.15
6720,0.8117,Unit 10,298.15
7056,0.8426,Unit 10,298.15
7392,0.8161,Unit 10,298.15
7728,0.8507,Unit 10,298.15
8064,0.7979,Unit 10,298.15
8400,0.797,Unit 10,298.15
8736,0.8015,Unit 10,298.15
9072,0.8069,Unit 10,298.15
9408,0.8001,Unit 10,298.15
9744,0.7936,Unit 10,298.15
336,1.0055,Unit 11,298.15
672,0.9882,Unit 11,298.15
1008,0.9329,Unit 11,298.15
1344,0.9453,Unit 11,298.15
1680,0.9809,Unit 11,298.15
2016,0.9303,Unit 11,298.15
2352,0.9472,Unit 11,298.15
2688,0.9182,Unit 11,298.15
3024,0.9169,Unit 11,298.15
3360,0.8807,Unit 11,298.15
3696,0.9132,Unit 11,298.15
4032,0.9089,Unit 11,298.15
4368,0.8994,Unit 11,298.15
4704,0.9243,Unit 11,298.15
5040,0.9235,Unit 11,298.15
5376,0.8629,Unit 11,298.15
5712,0.8932,Unit 11,298.15
6048,0.87,Unit 11,298.15
6384,0.8864,Unit 11,298.15
6720,0.878,Unit 11,298.15
7056,0.8859,Unit 11,298.15
7392,0.8951,Unit 11,298.15
7728,0.8551,Unit 11,298.15
8064,0.812,Unit 11,298.15
8400,0.8884,Unit 11,298.15
8736,0.8781,Unit 11,298.15
9072,0.8954,Unit 11,298.15
9408,0.8601,Unit 11,298.15
9744,0.907,Unit 11,298.15
336,0.9793,Unit 12,298.15
672,0.9648,Unit 12,298.15
1008,0.9585,Unit 12,298.15
1344,0.9705,Unit 12,298.15
1680,0.9489,Unit 12,298.15
2016,0.9629,Unit 12,298.15
2352,0.9511,Unit 12,298.15
2688,0.9441,Unit 12,298.15
3024,0.9591,Unit 12,298.15
3360,0.9844,Unit 12,298.15
3696,0.9389,Unit 12,298.15
4032,0.9131,Unit 12,298.15
4368,0.9459,Unit 12,298.15
4704,0.912,Unit 12,298.15
5040,0.9102,Unit 12,298.15
5376,0.9349,Unit 12,298.15
5712,0.9001,Unit 12,298.15
6048,0.9202,Unit 12,298.15
6384,0.9245,Unit 12,298.15
6720,0.8824,Unit 12,298.15
7056,0.9066,Unit 12,298.15
7392,0.8965,Unit 12,298.15
7728,0.8741,Unit 12,298.15
8064,0.8891,Unit 12,298.15
8400,0.8854,Unit 12,298.15
8736,0.8846,Unit 12,298.15
9072,0.8784,Unit 12,298.15
9408,0.8843,Unit 12,298.15
9744,0.8922,Unit 12,298.15
336,0.968,Unit 13,298.15
672,0.9883,Unit 13,298.15
1008,0.9527,Unit 13,298.15
1344,0.9343,Unit 13,298.15
1680,0.964,Unit 13,298.15
2016,0.9502,Unit 13,298.15
2352,0.9273,Unit 13,298.15
2688,0.9469,Unit 13,298.15
3024,0.9442,Unit 13,298.15
3360,0.9038,Unit 13,298.15
3696,0.9254,Unit 13,298.15
4032,0.9236,Unit 13,298.15
4368,0.8951,Unit 13,298.15
4704,0.889,Unit 13,298.15
5040,0.9286,Unit 13,298.15
5376,0.8948,Unit 13,298.15
5712,0.8967,Unit 13,298.15
6048,0.8967,Unit 13,298.15
6384,0.8613,Unit 13,298.15
6720,0.9011,Unit 13,298.15
7056,0.9085,Unit 13,298.15
7392,0.8714,Unit 13,298.15
7728,0.8764,Unit 13,298.15
8064,0.9154,Unit 13,298.15
8400,0.8654,Unit 13,298.15
8736,0.8893,Unit 13,298.15
9072,0.8806,Unit 13,298.15
9408,0.8515,Unit 13,298.15
9744,0.8648,Unit 13,298.15
336,0.9284,Unit 14,298.15
672,0.936,Unit 14,298.15
1008,0.9198,Unit 14,298.15
1344,0.8853,Unit 14,298.15
1680,0.9004,Unit 14,298.15
2016,0.8572,Unit 14,298.15
2352,0.8778,Unit 14,298.15
2688,0.8819,Unit 14,298.15
3024,0.8798,Unit 14,298.15
3360,0.8555,Unit 14,298.15
3696,0.8307,Unit 14,298.15
4032,0.8201,Unit 14,298.15
4368,0.8008,Unit 14,298.15
4704,0.7932,Unit 14,298.15
5040,0.8171,Unit 14,298.15
5376,0.7942,Unit 14,298.15
5712,0.7911,Unit 14,298.15
6048,0.7989,Unit 14,298.15
6384,0.7796,Unit 14,298.15
6720,0.7698,Unit 14,298.15
7056,0.7615,Unit 14,298.15
7392,0.7541,Unit 14,298.15
7728,0.7751,Unit 14,298.15
8064,0.7297,Unit 14,298.15
8400,0.7696,Unit 14,298.15
8736,0.7431,Unit 14,298.15
9072,0.75,Unit 14,298.15
9408,0.7259,Unit 14,298.15
9744,0.7333,Unit 14,298.15
336,0.9824,Unit 15,298.15
672,0.9408,Unit 15,298.15
1008,0.9302,Unit 15,298.15
1344,0.9065,Unit 15,298.15
1680,0.8852,Unit 15,298.15
2016,0.8691,Unit 15,298.15
2352,0.858,Unit 15,298.15
2688,0.8477,Unit 15,298.15
3024,0.8265,Unit 15,298.15
3360,0.8172,Unit 15,298.15
3696,0.8378,Unit 15,298.15
4032,0.7898,Unit 15,298.15
4368,0.7646,Unit 15,298.15
4704,0.7585,Unit 15,298.15
5040,0.7643,Unit 15,298.15
5376,0.7495,Unit 15,298.15
5712,0.7784,Unit 15,298.15
6048,0.7421,Unit 15,298.15
6384,0.7334,Unit 15,298.15
6720,0.7602,Unit 15,298.15
7056,0.6877,Unit 15,298.15
7392,0.6894,Unit 15,298.15
7728,0.6884,Unit 15,298.15
8064,0.6928,Unit 15,298.15
8400,0.6598,Unit 15,298.15
8736,0.669,Unit 15,298.15
9072,0.646,Unit 15,298.15
9408,0.641,Unit 15,298.15
9744,0.6292,Unit 15,298.15
336,0.9396,Unit 16,298.15
672,0.93,Unit 16,298.15
1008,0.8748,Unit 16,298.15
1344,0.8764,Unit 16,298.15
1680,0.8696,Unit 16,298.15
2016,0.8686,Unit 16,298.15
2352,0.8597,Unit 16,298.15
2688,0.823,Unit 16,298.15
3024,0.7958,Unit 16,298.15
3360,0.8114,Unit 16,298.15
3696,0.8093,Unit 16,298.15
4032,0.7928,Unit 16,298.15
4368,0.7926,Unit 16,298.15
4704,0.7966,Unit 16,298.15
5040,0.7683,Unit 16,298.15
5376,0.7573,Unit 16,298.15
5712,0.7617,Unit 16,298.15
6048,0.7527,Unit 16,298.15
6384,0.7693,Unit 16,298.15
6720,0.7524,Unit 16,298.15
7056,0.7267,Unit 16,298.15
7392,0.7321,Unit 16,298.15
7728,0.7517,Unit 16,298.15
8064,0.7239,Unit 16,298.15
8400,0.7361,Unit 16,298.15
8736,0.7333,Unit 16,298.15
9072,0.7256,Unit 16,298.15
9408,0.6974,Unit 16,298.15
9744,0.7448,Unit 16,298.15
336,0.9439,Unit 17,298.15
672,0.9076,Unit 17,298.15
1008,0.927,Unit 17,298.15
1344,0.9279,Unit 17,298.15
1680,0.9023,Unit 17,298.15
2016,0.8999,Unit 17,298.15
2352,0.8764,Unit 17,298.15
2688,0.8811,Unit 17,298.15
3024,0.8534,Unit 17,298.15
3360,0.8604,Unit 17,298.15
3696,0.8426,Unit 17,298.15
4032,0.8693,Unit 17,298.15
4368,0.832,Unit 17,298.15
4704,0.8337,Unit 17,298.15
5040,0.8538,Unit 17,298.15
5376,0.8229,Unit 17,298.15
5712,0.8292,Unit 17,298.15
6048,0.7972,Unit 17,298.15
6384,0.7756,Unit 17,298.15
6720,0.8138,Unit 17,298.15
7056,0.7611,Unit 17,298.15
7392,0.8023,Unit 17,298.15
7728,0.7675,Unit 17,298.15
8064,0.7496,Unit 17,298.15
8400,0.7691,Unit 17,298.15
8736,0.7479,Unit 17,298.15
9072,0.7763,Unit 17,298.15
9408,0.7688,Unit 17,298.15
9744,0.7128,Unit 17,298.15
336,0.9512,Unit 18,298.15
672,0.9025,Unit 18,298.15
1008,0.9082,Unit 18,298.15
1344,0.8931,Unit 18,298.15
1680,0.8591,Unit 18,298.15
2016,0.8387,Unit 18,298.15
2352,0.8372,Unit 18,298.15
2688,0.8339,Unit 18,298.15
3024,0.8409,Unit 18,298.15
3360,0.8021,Unit 18,298.15
3696,0.7951,Unit 18,298.15
4032,0.7557,Unit 18,298.15
4368,0.7804,Unit 18,298.15
4704,0.8041,Unit 18,298.15
5040,0.7485,Unit 18,298.15
5376,0.7813,Unit 18,298.15
5712,0.7625,Unit 18,298.15
6048,0.745,Unit 18,298.15
6384,0.7379,Unit 18,298.15
6720,0.7479,Unit 18,298.15
7056,0.7087,Unit 18,298.15
7392,0.7304,Unit 18,298.15
7728,0.7106,Unit 18,298.15
8064,0.7047,Unit 18,298.15
8400,0.7451,Unit 18,298.15
8736,0.6951,Unit 18,298.15
9072,0.6821,Unit 18,298.15
9408,0.6842,Unit 18,298.15
9744,0.6654,Unit 18,298.15
336,0.9553,Unit 19,298.15
672,0.9248,Unit 19,298.15
1008,0.9177,Unit 19,298.15
1344,0.9134,Unit 19,298.15
1680,0.8928,Unit 19,298.15
2016,0.8844,Unit 19,298.15
2352,0.8851,Unit 19,298.15
2688,0.867,Unit 19,298.15
3024,0.8568,Unit 19,298.15
3360,0.8416,Unit 19,298.15
3696,0.8449,Unit 19,298.15
4032,0.8295,Unit 19,298.15
4368,0.8552,Unit 19,298.15
4704,0.8415,Unit 19,298.15
5040,0.8188,Unit 19,298.15
5376,0.7959,Unit 19,298.15
5712,0.803,Unit 19,298.15
6048,0.7811,Unit 19,298.15
6384,0.8106,Unit 19,298.15
6720,0.8115,Unit 19,298.15
7056,0.7771,Unit 19,298.15
7392,0.7619,Unit 19,298.15
7728,0.7772,Unit 19,298.15
8064,0.7634,Unit 19,298.15
8400,0.7625,Unit 19,298.15
8736,0.7516,Unit 19,298.15
9072,0.7493,Unit 19,298.15
9408,0.7535,Unit 19,298.15
9744,0.764,Unit 19,298.15
336,0.9747,Unit 20,298.15
672,0.9998,Unit 20,298.15
1008,0.9803,Unit 20,298.15
1344,0.9429,Unit 20,298.15
1680,0.907,Unit 20,298.15
2016,0.9328,Unit 20,298.15
2352,0.9241,Unit 20,298.15
2688,0.9212,Unit 20,298.15
3024,0.8968,Unit 20,298.15
3360,0.9257,Unit 20,298.15
3696,0.9068,Unit 20,298.15
4032,0.9085,Unit 20,298.15
4368,0.9189,Unit 20,298.15
4704,0.9304,Unit 20,298.15
5040,0.8948,Unit 20,298.15
5376,0.8694,Unit 20,298.15
5712,0.8713,Unit 20,298.15
6048,0.8693,Unit 20,298.15
6384,0.8846,Unit 20,298.15
6720,0.8828,Unit 20,298.15
7056,0.8691,Unit 20,298.15
7392,0.8595,Unit 20,298.15
7728,0.8774,Unit 20,298.15
8064,0.8671,Unit 20,298.15
8400,0.8706,Unit 20,298.15
8736,0.8574,Unit 20,298.15
9072,0.8484,Unit 20,298.15
9408,0.843,Unit 20,298.15
9744,0.8385,Unit 20,298.15
336,0.9663,Unit 21,298.15
672,0.9591,Unit 21,298.15
1008,0.9276,Unit 21,298.15
1344,0.9195,Unit 21,298.15
1680,0.9087,Unit 21,298.15
2016,0.883,Unit 21,298.15
2352,0.8881,Unit 21,298.15
2688,0.8677,Unit 21,298.15
3024,0.8423,Unit 21,298.15
3360,0.8279,Unit 21,298.15
3696,0.8082,Unit 21,298.15
4032,0.8001,Unit 21,298.15
4368,0.7993,Unit 21,298.15
4704,0.796,Unit 21,298.15
5040,0.7993,Unit 21,298.15
5376,0.7653,Unit 21,298.15
5712,0.7726,Unit 21,298.15
6048,0.7273,Unit 21,298.15
6384,0.7389,Unit 21,298.15
6720,0.7706,Unit 21,298.15
7056,0.7285,Unit 21,298.15
7392,0.7383,Unit 21,298.15
7728,0.7619,Unit 21,298.15
8064,0.7257,Unit 21,298.15
8400,0.6993,Unit 21,298.15
8736,0.6865,Unit 21,298.15
9072,0.695,Unit 21,298.15
9408,0.688,Unit 21,298.15
9744,0.6773,Unit 21,298.15
336,0.9749,Unit 22,298.15
672,0.9402,Unit 22,298.15
1008,0.9104,Unit 22,298.15
1344,0.8834,Unit 22,298.15
1680,0.8982,Unit 22,298.15
2016,0.8892,Unit 22,298.15
2352,0.8509,Unit 22,298.15
2688,0.8627,Unit 22,298.15
3024,0.8387,Unit 22,298.15
3360,0.8366,Unit 22,298.15
3696,0.7974,Unit 22,298.15
4032,0.7907,Unit 22,298.15
4368,0.7978,Unit 22,298.15
4704,0.7795,Unit 22,298.15
5040,0.7806,Unit 22,298.15
5376,0.7971,Unit 22,298.15
5712,0.771,Unit 22,298.15
6048,0.786,Unit 22,298.15
6384,0.7614,Unit 22,298.15
6720,0.7561,Unit 22,298.15
7056,0.7569,Unit 22,298.15
7392,0.7193,Unit 22,298.15
7728,0.7152,Unit 22,298.15
8064,0.7585,Unit 22,298.15
8400,0.7222,Unit 22,298.15
8736,0.7426,Unit 22,298.15
9072,0.7312,Unit 22,298.15
9408,0.7244,Unit 22,298.15
9744,0.7247,Unit 22,298.15
336,0.9289,Unit 23,298.15
672,0.9488,Unit 23,298.15
1008,0.8989,Unit 23,298.15
1344,0.8783,Unit 23,298.15
1680,0.8782,Unit 23,298.15
2016,0.8369,Unit 23,298.15
2352,0.8019,Unit 23,298.15
2688,0.8284,Unit 23,298.15
3024,0.783,Unit 23,298.15
3360,0.793,Unit 23,298.15
3696,0.8194,Unit 23,298.15
4032,0.7791,Unit 23,298.15
4368,0.769,Unit 23,298.15
4704,0.7887,Unit 23,298.15
5040,0.7537,Unit 23,298.15
5376,0.7616,Unit 23,298.15
5712,0.7365,Unit 23,298.15
6048,0.7435,Unit 23,298.15
6384,0.7282,Unit 23,298.15
6720,0.7209,Unit 23,298.15
7056,0.732,Unit 23,298.15
7392,0.7161,Unit 23,298.15
7728,0.6967,Unit 23,298.15
8064,0.7161,Unit 23,298.15
8400,0.6929,Unit 23,298.15
8736,0.6862,Unit 23,298.15
9072,0.6807,Unit 23,298.15
9408,0.6835,Unit 23,298.15
9744,0.6458,Unit 23,298.15
336,0.9704,Unit 24,298.15
672,0.9343,Unit 24,298.15
1008,0.9191,Unit 24,298.15
1344,0.8936,Unit 24,298.15
1680,0.8613,Unit 24,298.15
2016,0.8632,Unit 24,298.15
2352,0.8689,Unit 24,298.15
2688,0.818,Unit 24,298.15
3024,0.8221,Unit 24,298.15
3360,0.8006,Unit 24,298.15
3696,0.8135,Unit 24,298.15
4032,0.756,Unit 24,298.15
4368,0.7617,Unit 24,298.15
4704,0.7449,Unit 24,298.15
5040,0.7384,Unit 24,298.15
5376,0.7381,Unit 24,298.15
5712,0.7324,Unit 24,298.15
6048,0.7098,Unit 24,298.15
6384,0.6991,Unit 24,298.15
6720,0.6862,Unit 24,298.15
7056,0.6832,Unit 24,298.15
7392,0.6799,Unit 24,298.15
7728,0.6793,Unit 24,298.15
8064,0.6618,Unit 24,298.15
8400,0.6677,Unit 24,298.15
8736,0.6383,Unit 24,298.15
9072,0.6322,Unit 24,298.15
9408,0.6252,Unit 24,298.15
9744,0.6347,Unit 24,298.15
336,0.9993,Unit 25,298.15
672,0.9749,Unit 25,298.15
1008,0.9602,Unit 25,298.15
1344,0.9905,Unit 25,298.15
1680,0.9885,Unit 25,298.15
2016,0.9259,Unit 25,298.15
2352,0.9548,Unit 25,298.15
2688,1.012,Unit 25,298.15
3024,0.9959,Unit 25,298.15
3360,0.9426,Unit 25,298.15
3696,0.9428,Unit 25,298.15
4032,0.9442,Unit 25,298.15
4368,0.9278,Unit 25,298.15
4704,0.939,Unit 25,298.15
5040,0.9604,Unit 25,298.15
5376,0.962,Unit 25,298.15
5712,0.9385,Unit 25,298.15
6048,0.9662,Unit 25,298.15
6384,0.9427,Unit 25,298.15
6720,0.9341,Unit 25,298.15
7056,0.9641,Unit 25,298.15
7392,0.942,Unit 25,298.15
7728,0.94,Unit 25,298.15
8064,0.9577,Unit 25,298.15
8400,0.9106,Unit 25,298.15
8736,0.932,Unit 25,298.15
9072,0.9289,Unit 25,298.15
9408,0.958,Unit 25,298.15
9744,0.9166,Unit 25,298.15
336,0.9538,Unit 26,338.15
672,0.8857,Unit 26,338.15
1008,0.8879,Unit 26,338.15
1344,0.8635,Unit 26,338.15
1680,0.835,Unit 26,338.15
2016,0.8165,Unit 26,338.15
2352,0.8034,Unit 26,338.15
2688,0.7824,Unit 26,338.15
3024,0.7959,Unit 26,338.15
3360,0.7761,Unit 26,338.15
3696,0.7572,Unit 26,338.15
4032,0.7451,Unit 26,338.15
4368,0.7203,Unit 26,338.15
4704,0.7343,Unit 26,338.15
5040,0.7416,Unit 26,338.15
5376,0.7232,Unit 26,338.15
5712,0.7175,Unit 26,338.15
6048,0.7079,Unit 26,338.15
6384,0.6831,Unit 26,338.15
6720,0.6873,Unit 26,338.15
7056,0.6841,Unit 26,338.15
7392,0.6402,Unit 26,338.15
7728,0.632,Unit 26,338.15
8064,0.651,Unit 26,338.15
8400,0.6302,Unit 26,338.15
8736,0.6468,Unit 26,338.15
9072,0.6245,Unit 26,338.15
9408,0.6312,Unit 26,338.15
9744,0.6366,Unit 26,338.15
336,0.9746,Unit 27,338.15
672,0.9047,Unit 27,338.15
1008,0.9069,Unit 27,338.15
1344,0.8565,Unit 27,338.15
1680,0.8756,Unit 27,338.15
2016,0.8705,Unit 27,338.15
2352,0.8514,Unit 27,338.15
2688,0.8491,Unit 27,338.15
3024,0.8538,Unit 27,338.15
3360,0.8469,Unit 27,338.15
3696,0.8209,Unit 27,338.15
4032,0.8035,Unit 27,338.15
4368,0.7894,Unit 27,338.15
4704,0.8028,Unit 27,338.15
5040,0.8189,Unit 27,338.15
5376,0.795,Unit 27,338.15
5712,0.7934,Unit 27,338.15
6048,0.7607,Unit 27,338.15
6384,0.7805,Unit 27,338.15
6720,0.7953,Unit 27,338.15
7056,0.7665,Unit 27,338.15
7392,0.7694,Unit 27,338.15
7728,0.7883,Unit 27,338.15
8064,0.7481,Unit 27,338.15
8400,0.7405,Unit 27,338.15
8736,0.7585,Unit 27,338.15
9072,0.7227,Unit 27,338.15
9408,0.7514,Unit 27,338.15
9744,0.7204,Unit 27,338.15
336,0.9007,Unit 28,338.15
672,0.8384,Unit 28,338.15
1008,0.8052,Unit 28,338.15
1344,0.7848,Unit 28,338.15
1680,0.7602,Unit 28,338.15
2016,0.7467,Unit 28,338.15
2352,0.7382,Unit 28,338.15
2688,0.7196,Unit 28,338.15
3024,0.7376,Unit 28,338.15
3360,0.6713,Unit 28,338.15
3696,0.6543,Unit 28,338.15
4032,0.6683,Unit 28,338.15
4368,0.661,Unit 28,338.15
4704,0.6518,Unit 28,338.15
5040,0.5946,Unit 28,338.15
5376,0.5995,Unit 28,338.15
5712,0.6461,Unit 28,338.15
6048,0.5982,Unit 28,338.15
6384,0.6403,Unit 28,338.15
6720,0.5903,Unit 28,338.15
7056,0.6024,Unit 28,338.15
7392,0.6039,Unit 28,338.15
7728,0.588,Unit 28,338.15
8064,0.5608,Unit 28,338.15
8400,0.565,Unit 28,338.15
8736,0.5609,Unit 28,338.15
9072,0.5438,Unit 28,338.15
9408,0.5628,Unit 28,338.15
9744,0.5491,Unit 28,338.15
336,0.9188,Unit 29,338.15
672,0.9049,Unit 29,338.15
1008,0.8478,Unit 29,338.15
1344,0.8298,Unit 29,338.15
1680,0.7993,Unit 29,338.15
2016,0.8238,Unit 29,338.15
2352,0.7612,Unit 29,338.15
2688,0.7867,Unit 29,338.15
3024,0.7578,Unit 29,338.15
3360,0.741,Unit 29,338.15
3696,0.7223,Unit 29,338.15
4032,0.7104,Unit 29,338.15
4368,0.6849,Unit 29,338.15
4704,0.6829,Unit 29,338.15
5040,0.6805,Unit 29,338.15
5376,0.648,Unit 29,338.15
5712,0.6765,Unit 29,338.15
6048,0.6536,Unit 29,338.15
6384,0.6266,Unit 29,338.15
6720,0.6432,Unit 29,338.15
7056,0.6116,Unit 29,338.15
7392,0.6314,Unit 29,338.15
7728,0.6283,Unit 29,338.15
8064,0.612,Unit 29,338.15
8400,0.6169,Unit 29,338.15
8736,0.6056,Unit 29,338.15
9072,0.6249,Unit 29,338.15
9408,0.5763,Unit 29,338.15
9744,0.5686,Unit 29,338.15
336,0.916,Unit 30,338.15
672,0.8673,Unit 30,338.15
1008,0.842,Unit 30,338.15
1344,0.7947,Unit 30,338.15
1680,0.7484,Unit 30,338.15
2016,0.7784,Unit 30,338.15
2352,0.7621,Unit 30,338.15
2688,0.7083,Unit 30,338.15
3024,0.7095,Unit 30,338.15
3360,0.7079,Unit 30,338.15
3696,0.687,Unit 30,338.15
4032,0.6837,Unit 30,338.15
4368,0.6906,Unit 30,338.15
4704,0.6383,Unit 30,338.15
5040,0.6489,Unit 30,338.15
5376,0.6335,Unit 30,338.15
5712,0.6401,Unit 30,338.15
6048,0.6185,Unit 30,338.15
6384,0.6086,Unit 30,338.15
6720,0.6284,Unit 30,338.15
7056,0.6058,Unit 30,338.15
7392,0.5864,Unit 30,338.15
7728,0.5902,Unit 30,338.15
8064,0.5605,Unit 30,338.15
8400,0.5582,Unit 30,338.15
8736,0.5479,Unit 30,338.15
9072,0.5453,Unit 30,338.15
9408,0.5608,Unit 30,338.15
9744,0.5429,Unit 30,338.15
336,0.9361,Unit 31,338.15
672,0.9166,Unit 31,338.15
1008,0.8854,Unit 31,338.15
1344,0.8668,Unit 31,338.15
1680,0.8797,Unit 31,338.15
2016,0.8586,Unit 31,338.15
2352,0.8136,Unit 31,338.15
2688,0.7988,Unit 31,338.15
3024,0.773,Unit 31,338.15
3360,0.7617,Unit 31,338.15
3696,0.7633,Unit 31,338.15
4032,0.744,Unit 31,338.15
4368,0.7436,Unit 31,338.15
4704,0.7432,Unit 31,338.15
5040,0.692,Unit 31,338.15
5376,0.7011,Unit 31,338.15
5712,0.7079,Unit 31,338.15
6048,0.6798,Unit 31,338.15
6384,0.6884,Unit 31,338.15
6720,0.6991,Unit 31,338.15
7056,0.6514,Unit 31,338.15
7392,0.6647,Unit 31,338.15
7728,0.6346,Unit 31,338.15
8064,0.6322,Unit 31,338.15
8400,0.6472,Unit 31,338.15
8736,0.6326,Unit 31,338.15
9072,0.6207,Unit 31,338.15
9408,0.6364,Unit 31,338.15
9744,0.578,Unit 31,338.15
336,0.9206,Unit 32,338.15
672,0.8548,Unit 32,338.15
1008,0.8073,Unit 32,338.15
1344,0.8268,Unit 32,338.15
1680,0.7538,Unit 32,338.15
2016,0.7376,Unit 32,338.15
2352,0.72,Unit 32,338.15
2688,0.7069,Unit 32,338.15
3024,0.6831,Unit 32,338.15
3360,0.6884,Unit 32,338.15
3696,0.6452,Unit 32,338.15
4032,0.6359,Unit 32,338.15
4368,0.6147,Unit 32,338.15
4704,0.6057,Unit 32,338.15
5040,0.5857,Unit 32,338.15
5376,0.5999,Unit 32,338.15
5712,0.5986,Unit 32,338.15
6048,0.5848,Unit 32,338.15
6384,0.581,Unit 32,338.15
6720,0.5579,Unit 32,338.15
7056,0.5615,Unit 32,338.15
7392,0.5564,Unit 32,338.15
7728,0.5388,Unit 32,338.15
8064,0.533,Unit 32,338.15
8400,0.5321,Unit 32,338.15
8736,0.5286,Unit 32,338.15
9072,0.5109,Unit 32,338.15
9408,0.5181,Unit 32,338.15
9744,0.4956,Unit 32,338.15
336,0.9015,Unit 33,338.15
672,0.8415,Unit 33,338.15
1008,0.8061,Unit 33,338.15
1344,0.7869,Unit 33,338.15
1680,0.7553,Unit 33,338.15
2016,0.728,Unit 33,338.15
2352,0.7525,Unit 33,338.15
2688,0.7047,Unit 33,338.15
3024,0.6601,Unit 33,338.15
3360,0.6715,Unit 33,338.15
3696,0.6274,Unit 33,338.15
4032,0.6307,Unit 33,338.15
4368,0.616,Unit 33,338.15
4704,0.5953,Unit 33,338.15
5040,0.6282,Unit 33,338.15
5376,0.6057,Unit 33,338.15
5712,0.6032,Unit 33,338.15
6048,0.5836,Unit 33,338.15
6384,0.5712,Unit 33,338.15
6720,0.5604,Unit 33,338.15
7056,0.5776,Unit 33,338.15
7392,0.5537,Unit 33,338.15
7728,0.5072,Unit 33,338.15
8064,0.5384,Unit 33,338.15
8400,0.5594,Unit 33,338.15
8736,0.5244,Unit 33,338.15
9072,0.4867,Unit 33,338.15
9408,0.5078,Unit 33,338.15
9744,0.4765,Unit 33,338.15
336,0.9112,Unit 34,338.15
672,0.8941,Unit 34,338.15
1008,0.8807,Unit 34,338.15
1344,0.8132,Unit 34,338.15
1680,0.8032,Unit 34,338.15
2016,0.7617,Unit 34,338.15
2352,0.7555,Unit 34,338.15
2688,0.739,Unit 34,338.15
3024,0.6933,Unit 34,338.15
3360,0.6727,Unit 34,338.15
3696,0.7232,Unit 34,338.15
4032,0.6827,Unit 34,338.15
4368,0.6646,Unit 34,338.15
4704,0.6539,Unit 34,338.15
5040,0.6487,Unit 34,338.15
5376,0.6225,Unit 34,338.15
5712,0.5971,Unit 34,338.15
6048,0.5939,Unit 34,338.15
6384,0.6036,Unit 34,338.15
6720,0.5822,Unit 34,338.15
7056,0.5926,Unit 34,338.15
7392,0.5565,Unit 34,338.15
7728,0.5801,Unit 34,338.15
8064,0.536,Unit 34,338.15
8400,0.5339,Unit 34,338.15
8736,0.553,Unit 34,338.15
9072,0.5297,Unit 34,338.15
9408,0.5169,Unit 34,338.15
9744,0.5325,Unit 34,338.15
336,0.8681,Unit 35,338.15
672,0.833,Unit 35,338.15
1008,0.7971,Unit 35,338.15
1344,0.7653,Unit 35,338.15
1680,0.7253,Unit 35,338.15
2016,0.722,Unit 35,338.15
2352,0.6975,Unit 35,338.15
2688,0.6596,Unit 35,338.15
3024,0.6404,Unit 35,338.15
3360,0.6391,Unit 35,338.15
3696,0.6497,Unit 35,338.15
4032,0.6129,Unit 35,338.15
4368,0.6219,Unit 35,338.15
4704,0.5998,Unit 35,338.15
5040,0.5836,Unit 35,338.15
5376,0.5922,Unit 35,338.15
5712,0.5598,Unit 35,338.15
6048,0.5553,Unit 35,338.15
6384,0.5628,Unit 35,338.15
6720,0.5522,Unit 35,338.15
7056,0.5569,Unit 35,338.15
7392,0.5149,Unit 35,338.15
7728,0.563,Unit 35,338.15
8064,0.5181,Unit 35,338.15
8400,0.5291,Unit 35,338.15
8736,0.5307,Unit 35,338.15
9072,0.4851,Unit 35,338.15
9408,0.4901,Unit 35,338.15
9744,0.5048,Unit 35,338.15
336,0.906,Unit 36,338.15
672,0.873,Unit 36,338.15
1008,0.8442,Unit 36,338.15
1344,0.8164,Unit 36,338.15
1680,0.7788,Unit 36,338.15
2016,0.7566,Unit 36,338.15
2352,0.7341,Unit 36,338.15
2688,0.7424,Unit 36,338.15
3024,0.7206,Unit 36,338.15
3360,0.6816,Unit 36,338.15
3696,0.668,Unit 36,338.15
4032,0.6475,Unit 36,338.15
4368,0.6626,Unit 36,338.15
4704,0.6571,Unit 36,338.15
5040,0.6187,Unit 36,338.15
5376,0.6056,Unit 36,338.15
5712,0.5962,Unit 36,338.15
6048,0.5948,Unit 36,338.15
6384,0.5825,Unit 36,338.15
6720,0.5748,Unit 36,338.15
7056,0.5791,Unit 36,338.15
7392,0.5697,Unit 36,338.15
7728,0.5594,Unit 36,338.15
8064,0.5437,Unit 36,338.15
8400,0.5221,Unit 36,338.15
8736,0.5545,Unit 36,338.15
9072,0.5103,Unit 36,338.15
9408,0.5098,Unit 36,338.15
9744,0.5487,Unit 36,338.15
336,0.9176,Unit 37,338.15
672,0.8979,Unit 37,338.15
1008,0.8885,Unit 37,338.15
1344,0.8314,Unit 37,338.15
1680,0.8411,Unit 37,338.15
2016,0.8232,Unit 37,338.15
2352,0.8285,Unit 37,338.15
2688,0.7765,Unit 37,338.15
3024,0.7849,Unit 37,338.15
3360,0.773,Unit 37,338.15
3696,0.7314,Unit 37,338.15
4032,0.7568,Unit 37,338.15
4368,0.7227,Unit 37,338.15
4704,0.7404,Unit 37,338.15
5040,0.7044,Unit 37,338.15
5376,0.7257,Unit 37,338.15
5712,0.6816,Unit 37,338.15
6048,0.659,Unit 37,338.15
6384,0.689,Unit 37,338.15
6720,0.6933,Unit 37,338.15
7056,0.6551,Unit 37,338.15
7392,0.6678,Unit 37,338.15
7728,0.6545,Unit 37,338.15
8064,0.6451,Unit 37,338.15
8400,0.6493,Unit 37,338.15
8736,0.6496,Unit 37,338.15
9072,0.6219,Unit 37,338.15
9408,0.6388,Unit 37,338.15
9744,0.615,Unit 37,338.15
336,0.9258,Unit 38,338.15
672,0.8431,Unit 38,338.15
1008,0.8224,Unit 38,338.15
1344,0.7848,Unit 38,338.15
1680,0.7827,Unit 38,338.15
2016,0.7528,Unit 38,338.15
2352,0.7314,Unit 38,338.15
2688,0.7105,Unit 38,338.15
3024,0.7184,Unit 38,338.15
3360,0.7103,Unit 38,338.15
3696,0.6643,Unit 38,338.15
4032,0.7001,Unit 38,338.15
4368,0.668,Unit 38,338.15
4704,0.6577,Unit 38,338.15
5040,0.6323,Unit 38,338.15
5376,0.631,Unit 38,338.15
5712,0.6366,Unit 38,338.15
6048,0.6314,Unit 38,338.15
6384,0.5921,Unit 38,338.15
6720,0.5797,Unit 38,338.15
7056,0.5742,Unit 38,338.15
7392,0.6188,Unit 38,338.15
7728,0.599,Unit 38,338.15
8064,0.5704,Unit 38,338.15
8400,0.55,Unit 38,338.15
8736,0.5836,Unit 38,338.15
9072,0.5504,Unit 38,338.15
9408,0.5407,Unit 38,338.15
9744,0.5485,Unit 38,338.15
336,0.9281,Unit 39,338.15
672,0.8747,Unit 39,338.15
1008,0.82,Unit 39,338.15
1344,0.833,Unit 39,338.15
1680,0.803,Unit 39,338.15
2016,0.7785,Unit 39,338.15
2352,0.7393,Unit 39,338.15
2688,0.7594,Unit 39,338.15
3024,0.7479,Unit 39,338.15
3360,0.7053,Unit 39,338.15
3696,0.6837,Unit 39,338.15
4032,0.662,Unit 39,338.15
4368,0.6536,Unit 39,338.15
4704,0.6591,Unit 39,338.15
5040,0.618,Unit 39,338.15
5376,0.6148,Unit 39,338.15
5712,0.6065,Unit 39,338.15
6048,0.615,Unit 39,338.15
6384,0.5778,Unit 39,338.15
6720,0.5749,Unit 39,338.15
7056,0.5506,Unit 39,338.15
7392,0.5814,Unit 39,338.15
7728,0.5499,Unit 39,338.15
8064,0.5508,Unit 39,338.15
8400,0.5244,Unit 39,338.15
8736,0.5398,Unit 39,338.15
9072,0.5417,Unit 39,338.15
9408,0.5265,Unit 39,338.15
9744,0.498,Unit 39,338.15
336,0.9472,Unit 40,338.15
672,0.9134,Unit 40,338.15
1008,0.9101,Unit 40,338.15
1344,0.9281,Unit 40,338.15
1680,0.8616,Unit 40,338.15
2016,0.8798,Unit 40,338.15
2352,0.868,Unit 40,338.15
2688,0.8425,Unit 40,338.15
3024,0.8586,Unit 40,338.15
3360,0.8213,Unit 40,338.15
3696,0.8235,Unit 40,338.15
4032,0.8135,Unit 40,338.15
4368,0.7957,Unit 40,338.15
4704,0.8101,Unit 40,338.15
5040,0.7682,Unit 40,338.15
5376,0.8219,Unit 40,338.15
5712,0.758,Unit 40,338.15
6048,0.7728,Unit 40,338.15
6384,0.7671,Unit 40,338.15
6720,0.7522,Unit 40,338.15
7056,0.7492,Unit 40,338.15
7392,0.6954,Unit 40,338.15
7728,0.7259,Unit 40,338.15
8064,0.724,Unit 40,338.15
8400,0.7231,Unit 40,338.15
8736,0.7063,Unit 40,338.15
9072,0.714,Unit 40,338.15
9408,0.6615,Unit 40,338.15
9744,0.6967,Unit 40,338.15
336,0.9805,Unit 41,338.15
672,0.9495,Unit 41,338.15
1008,0.8727,Unit 41,338.15
1344,0.8615,Unit 41,338.15
1680,0.8106,Unit 41,338.15
2016,0.8191,Unit 41,338.15
2352,0.8308,Unit 41,338.15
2688,0.7938,Unit 41,338.15
3024,0.7408,Unit 41,338.15
3360,0.7513,Unit 41,338.15
3696,0.7119,Unit 41,338.15
4032,0.7077,Unit 41,338.15
4368,0.6807,Unit 41,338.15
4704,0.6985,Unit 41,338.15
5040,0.6929,Unit 41,338.15
5376,0.681,Unit 41,338.15
5712,0.642,Unit 41,338.15
6048,0.6299,Unit 41,338.15
6384,0.5957,Unit 41,338.15
6720,0.5959,Unit 41,338.15
7056,0.5931,Unit 41,338.15
7392,0.5875,Unit 41,338.15
7728,0.5757,Unit 41,338.15
8064,0.5574,Unit 41,338.15
8400,0.5571,Unit 41,338.15
8736,0.5662,Unit 41,338.15
9072,0.5641,Unit 41,338.15
9408,0.556,Unit 41,338.15
9744,0.5488,Unit 41,338.15
336,0.9307,Unit 42,338.15
672,0.9119,Unit 42,338.15
1008,0.8924,Unit 42,338.15
1344,0.8844,Unit 42,338.15
1680,0.8849,Unit 42,338.15
2016,0.8341,Unit 42,338.15
2352,0.818,Unit 42,338.15
2688,0.8227,Unit 42,338.15
3024,0.7901,Unit 42,338.15
3360,0.7922,Unit 42,338.15
3696,0.8062,Unit 42,338.15
4032,0.7608,Unit 42,338.15
4368,0.7361,Unit 42,338.15
4704,0.7408,Unit 42,338.15
5040,0.7449,Unit 42,338.15
5376,0.725,Unit 42,338.15
5712,0.7273,Unit 42,338.15
6048,0.7223,Unit 42,338.15
6384,0.7112,Unit 42,338.15
6720,0.7159,Unit 42,338.15
7056,0.7131,Unit 42,338.15
7392,0.7044,Unit 42,338.15
7728,0.6975,Unit 42,338.15
8064,0.6985,Unit 42,338.15
8400,0.656,Unit 42,338.15
8736,0.6546,Unit 42,338.15
9072,0.6585,Unit 42,338.15
9408,0.6555,Unit 42,338.15
9744,0.6388,Unit 42,338.15
336,0.9736,Unit 43,338.15
672,0.9178,Unit 43,338.15
1008,0.9454,Unit 43,338.15
1344,0.8924,Unit 43,338.15
1680,0.8728,Unit 43,338.15
2016,0.8642,Unit 43,338.15
2352,0.8584,Unit 43,338.15
2688,0.8556,Unit 43,338.15
3024,0.8126,Unit 43,338.15
3360,0.8183,Unit 43,338.15
3696,0.8076,Unit 43,338.15
4032,0.8116,Unit 43,338.15
4368,0.7923,Unit 43,338.15
4704,0.7752,Unit 43,338.15
5040,0.7601,Unit 43,338.15
5376,0.7631,Unit 43,338.15
5712,0.7427,Unit 43,338.15
6048,0.7378,Unit 43,338.15
6384,0.7303,Unit 43,338.15
6720,0.7241,Unit 43,338.15
7056,0.7266,Unit 43,338.15
7392,0.7006,Unit 43,338.15
7728,0.7192,Unit 43,338.15
8064,0.6688,Unit 43,338.15
8400,0.7011,Unit 43,338.15
8736,0.6771,Unit 43,338.15
9072,0.6888,Unit 43,338.15
9408,0.6751,Unit 43,338.15
9744,0.6727,Unit 43,338.15
336,0.9069,Unit 44,338.15
672,0.8994,Unit 44,338.15
1008,0.8854,Unit 44,338.15
1344,0.8407,Unit 44,338.15
1680,0.8707,Unit 44,338.15
2016,0.8501,Unit 44,338.15
2352,0.8293,Unit 44,338.15
2688,0.7937,Unit 44,338.15
3024,0.8077,Unit 44,338.15
3360,0.791,Unit 44,338.15
3696,0.7656,Unit 44,338.15
4032,0.7721,Unit 44,338.15
4368,0.7489,Unit 44,338.15
4704,0.7358,Unit 44,338.15
5040,0.7336,Unit 44,338.15
5376,0.7444,Unit 44,338.15
5712,0.7551,Unit 44,338.15
6048,0.7348,Unit 44,338.15
6384,0.7058,Unit 44,338.15
6720,0.7402,Unit 44,338.15
7056,0.73,Unit 44,338.15
7392,0.6755,Unit 44,338.15
7728,0.7324,Unit 44,338.15
8064,0.6821,Unit 44,338.15
8400,0.6698,Unit 44,338.15
8736,0.6984,Unit 44,338.15
9072,0.702,Unit 44,338.15
9408,0.684,Unit 44,338.15
9744,0.6913,Unit 44,338.15
336,0.9029,Unit 45,338.15
672,0.8356,Unit 45,338.15
1008,0.7955,Unit 45,338.15
1344,0.7202,Unit 45,338.15
1680,0.7383,Unit 45,338.15
2016,0.7216,Unit 45,338.15
2352,0.6717,Unit 45,338.15
2688,0.6784,Unit 45,338.15
3024,0.6716,Unit 45,338.15
3360,0.6375,Unit 45,338.15
3696,0.6106,Unit 45,338.15
4032,0.6211,Unit 45,338.15
4368,0.5874,Unit 45,338.15
4704,0.6204,Unit 45,338.15
5040,0.6251,Unit 45,338.15
5376,0.5834,Unit 45,338.15
5712,0.558,Unit 45,338.15
6048,0.5383,Unit 45,338.15
6384,0.5536,Unit 45,338.15
6720,0.5425,Unit 45,338.15
7056,0.5367,Unit 45,338.15
7392,0.5196,Unit 45,338.15
7728,0.5405,Unit 45,338.15
8064,0.5271,Unit 45,338.15
8400,0.5088,Unit 45,338.15
8736,0.488,Unit 45,338.15
9072,0.5294,Unit 45,338.15
9408,0.4964,Unit 45,338.15
9744,0.4773,Unit 45,338.15
336,0.9696,Unit 46,338.15
672,0.9159,Unit 46,338.15
1008,0.8919,Unit 46,338.15
1344,0.8939,Unit 46,338.15
1680,0.8384,Unit 46,338.15
2016,0.8568,Unit 46,338.15
2352,0.8067,Unit 46,338.15
2688,0.8226,Unit 46,338.15
3024,0.7818,Unit 46,338.15
3360,0.7671,Unit 46,338.15
3696,0.7385,Unit 46,338.15
4032,0.7409,Unit 46,338.15
4368,0.7531,Unit 46,338.15
4704,0.7221,Unit 46,338.15
5040,0.72,Unit 46,338.15
5376,0.6628,Unit 46,338.15
5712,0.6499,Unit 46,338.15
6048,0.66,Unit 46,338.15
6384,0.674,Unit 46,338.15
6720,0.6439,Unit 46,338.15
7056,0.6474,Unit 46,338.15
7392,0.6231,Unit 46,338.15
7728,0.6197,Unit 46,338.15
8064,0.6195,Unit 46,338.15
8400,0.6161,Unit 46,338.15
8736,0.5959,Unit 46,338.15
9072,0.5907,Unit 46,338.15
9408,0.5807,Unit 46,338.15
9744,0.5649,Unit 46,338.15
336,0.9244,Unit 47,338.15
672,0.8951,Unit 47,338.15
1008,0.872,Unit 47,338.15
1344,0.8365,Unit 47,338.15
1680,0.827,Unit 47,338.15
2016,0.7967,Unit 47,338.15
2352,0.7658,Unit 47,338.15
2688,0.7436,Unit 47,338.15
3024,0.7186,Unit 47,338.15
3360,0.6744,Unit 47,338.15
3696,0.7089,Unit 47,338.15
4032,0.6559,Unit 47,338.15
4368,0.6543,Unit 47,338.15
4704,0.6565,Unit 47,338.15
5040,0.6188,Unit 47,338.15
5376,0.6102,Unit 47,338.15
5712,0.5897,Unit 47,338.15
6048,0.5977,Unit 47,338.15
6384,0.5834,Unit 47,338.15
6720,0.5133,Unit 47,338.15
7056,0.5724,Unit 47,338.15
7392,0.5622,Unit 47,338.15
7728,0.522,Unit 47,338.15
8064,0.5357,Unit 47,338.15
8400,0.5013,Unit 47,338.15
8736,0.5185,Unit 47,338.15
9072,0.5052,Unit 47,338.15
9408,0.503,Unit 47,338.15
9744,0.4773,Unit 47,338.15
336,0.9608,Unit 48,338.15
672,0.9474,Unit 48,338.15
1008,0.9184,Unit 48,338.15
1344,0.9124,Unit 48,338.15
1680,0.9013,Unit 48,338.15
2016,0.891,Unit 48,338.15
2352,0.8973,Unit 48,338.15
2688,0.8818,Unit 48,338.15
3024,0.8768,Unit 48,338.15
3360,0.8697,Unit 48,338.15
3696,0.8519,Unit 48,338.15
4032,0.8492,Unit 48,338.15
4368,0.8359,Unit 48,338.15
4704,0.8682,Unit 48,338.15
5040,0.8278,Unit 48,338.15
5376,0.8459,Unit 48,338.15
5712,0.8097,Unit 48,338.15
6048,0.8299,Unit 48,338.15
6384,0.8271,Unit 48,338.15
6720,0.8066,Unit 48,338.15
7056,0.7816,Unit 48,338.15
7392,0.8116,Unit 48,338.15
7728,0.8116,Unit 48,338.15
8064,0.8196,Unit 48,338.15
8400,0.7968,Unit 48,338.15
8736,0.7922,Unit 48,338.15
9072,0.8114,Unit 48,338.15
9408,0.7717,Unit 48,338.15
9744,0.7727,Unit 48,338.15
336,0.9175,Unit 49,338.15
672,0.8975,Unit 49,338.15
1008,0.8475,Unit 49,338.15
1344,0.8739,Unit 49,338.15
1680,0.8037,Unit 49,338.15
2016,0.7845,Unit 49,338.15
2352,0.789,Unit 49,338.15
2688,0.7422,Unit 49,338.15
3024,0.7517,Unit 49,338.15
3360,0.7408,Unit 49,338.15
3696,0.7132,Unit 49,338.15
4032,0.7128,Unit 49,338.15
4368,0.7042,Unit 49,338.15
4704,0.6824,Unit 49,338.15
5040,0.6841,Unit 49,338.15
5376,0.662,Unit 49,338.15
5712,0.6333,Unit 49,338.15
6048,0.6477,Unit 49,338.15
6384,0.6164,Unit 49,338.15
6720,0.5768,Unit 49,338.15
7056,0.5949,Unit 49,338.15
7392,0.5992,Unit 49,338.15
7728,0.5928,Unit 49,338.15
8064,0.5832,Unit 49,338.15
8400,0.5616,Unit 49,338.15
8736,0.5553,Unit 49,338.15
9072,0.593,Unit 49,338.15
9408,0.5614,Unit 49,338.15
9744,0.5404,Unit 49,338.15
336,0.8887,Unit 50,338.15
672,0.8853,Unit 50,338.15
1008,0.8347,Unit 50,338.15
1344,0.7993,Unit 50,338.15
1680,0.7703,Unit 50,338.15
2016,0.7922,Unit 50,338.15
2352,0.7174,Unit 50,338.15
2688,0.7275,Unit 50,338.15
3024,0.7079,Unit 50,338.15
3360,0.696,Unit 50,338.15
3696,0.6881,Unit 50,338.15
4032,0.6821,Unit 50,338.15
4368,0.6639,Unit 50,338.15
4704,0.6648,Unit 50,338.15
5040,0.6463,Unit 50,338.15
5376,0.6624,Unit 50,338.15
5712,0.6235,Unit 50,338.15
6048,0.6106,Unit 50,338.15
6384,0.6037,Unit 50,338.15
6720,0.5941,Unit 50,338.15
7056,0.6069,Unit 50,338.15
7392,0.576,Unit 50,338.15
7728,0.5619,Unit 50,338.15
8064,0.6068,Unit 50,338.15
8400,0.5855,Unit 50,338.15
8736,0.5635,Unit 50,338.15
9072,0.5563,Unit 50,338.15
9408,0.5331,Unit 50,338.15
9744,0.542,Unit 50,338.15
336,0.9104,Unit 51,378.15
672,0.8549,Unit 51,378.15
1008,0.8196,Unit 51,378.15
1344,0.7986,Unit 51,378.15
1680,0.7731,Unit 51,378.15
2016,0.7795,Unit 51,378.15
2352,0.731,Unit 51,378.15
2688,0.7287,Unit 51,378.15
3024,0.6932,Unit 51,378.15
3360,0.7082,Unit 51,378.15
3696,0.6763,Unit 51,378.15
4032,0.6632,Unit 51,378.15
4368,0.6797,Unit 51,378.15
4704,0.6347,Unit 51,378.15
5040,0.6336,Unit 51,378.15
5376,0.614,Unit 51,378.15
5712,0.62,Unit 51,378.15
6048,0.6346,Unit 51,378.15
6384,0.6151,Unit 51,378.15
6720,0.6021,Unit 51,378.15
7056,0.5802,Unit 51,378.15
7392,0.5924,Unit 51,378.15
7728,0.5891,Unit 51,378.15
8064,0.5722,Unit 51,378.15
8400,0.5564,Unit 51,378.15
8736,0.5657,Unit 51,378.15
9072,0.556,Unit 51,378.15
9408,0.524,Unit 51,378.15
9744,0.5334,Unit 51,378.15
336,0.7385,Unit 52,378.15
672,0.6122,Unit 52,378.15
1008,0.597,Unit 52,378.15
1344,0.5503,Unit 52,378.15
1680,0.4778,Unit 52,378.15
2016,0.4806,Unit 52,378.15
2352,0.491,Unit 52,378.15
2688,0.4485,Unit 52,378.15
3024,0.4641,Unit 52,378.15
3360,0.4258,Unit 52,378.15
3696,0.4084,Unit 52,378.15
4032,0.3677,Unit 52,378.15
4368,0.3922,Unit 52,378.15
4704,0.4072,Unit 52,378.15
5040,0.3789,Unit 52,378.15
5376,0.3364,Unit 52,378.15
5712,0.3477,Unit 52,378.15
6048,0.3357,Unit 52,378.15
6384,0.3432,Unit 52,378.15
6720,0.3374,Unit 52,378.15
7056,0.3347,Unit 52,378.15
7392,0.3225,Unit 52,378.15
7728,0.3356,Unit 52,378.15
8064,0.311,Unit 52,378.15
8400,0.3154,Unit 52,378.15
8736,0.2915,Unit 52,378.15
9072,0.2927,Unit 52,378.15
9408,0.3112,Unit 52,378.15
9744,0.2871,Unit 52,378.15
336,0.7912,Unit 53,378.15
672,0.7257,Unit 53,378.15
1008,0.6741,Unit 53,378.15
1344,0.6302,Unit 53,378.15
1680,0.5822,Unit 53,378.15
2016,0.5711,Unit 53,378.15
2352,0.5672,Unit 53,378.15
2688,0.5304,Unit 53,378.15
3024,0.5268,Unit 53,378.15
3360,0.4963,Unit 53,378.15
3696,0.4973,Unit 53,378.15
4032,0.4905,Unit 53,378.15
4368,0.4474,Unit 53,378.15
4704,0.4795,Unit 53,378.15
5040,0.4628,Unit 53,378.15
5376,0.4293,Unit 53,378.15
5712,0.4203,Unit 53,378.15
6048,0.4108,Unit 53,378.15
6384,0.403,Unit 53,378.15
6720,0.393,Unit 53,378.15
7056,0.4031,Unit 53,378.15
7392,0.3917,Unit 53,378.15
7728,0.3822,Unit 53,378.15
8064,0.4315,Unit 53,378.15
8400,0.3922,Unit 53,378.15
8736,0.3857,Unit 53,378.15
9072,0.3552,Unit 53,378.15
9408,0.3718,Unit 53,378.15
9744,0.3703,Unit 53,378.15
336,0.8984,Unit 54,378.15
672,0.8616,Unit 54,378.15
1008,0.8123,Unit 54,378.15
1344,0.7894,Unit 54,378.15
1680,0.7334,Unit 54,378.15
2016,0.7381,Unit 54,378.15
2352,0.6725,Unit 54,378.15
2688,0.6534,Unit 54,378.15
3024,0.6556,Unit 54,378.15
3360,0.6115,Unit 54,378.15
3696,0.6223,Unit 54,378.15
4032,0.6195,Unit 54,378.15
4368,0.5819,Unit 54,378.15
4704,0.5852,Unit 54,378.15
5040,0.5654,Unit 54,378.15
5376,0.5556,Unit 54,378.15
5712,0.5018,Unit 54,378.15
6048,0.492,Unit 54,378.15
6384,0.5262,Unit 54,378.15
6720,0.5149,Unit 54,378.15
7056,0.5185,Unit 54,378.15
7392,0.4782,Unit 54,378.15
7728,0.4976,Unit 54,378.15
8064,0.4709,Unit 54,378.15
8400,0.4801,Unit 54,378.15
8736,0.4414,Unit 54,378.15
9072,0.4581,Unit 54,378.15
9408,0.4311,Unit 54,378.15
9744,0.4293,Unit 54,378.15
336,0.8754,Unit 55,378.15
672,0.8214,Unit 55,378.15
1008,0.7701,Unit 55,378.15
1344,0.719,Unit 55,378.15
1680,0.7423,Unit 55,378.15
2016,0.6691,Unit 55,378.15
2352,0.6556,Unit 55,378.15
2688,0.6257,Unit 55,378.15
3024,0.5835,Unit 55,378.15
3360,0.5487,Unit 55,378.15
3696,0.5885,Unit 55,378.15
4032,0.5781,Unit 55,378.15
4368,0.5627,Unit 55,378.15
4704,0.5561,Unit 55,378.15
5040,0.5375,Unit 55,378.15
5376,0.5069,Unit 55,378.15
5712,0.5163,Unit 55,378.15
6048,0.4821,Unit 55,378.15
6384,0.5158,Unit 55,378.15
6720,0.447,Unit 55,378.15
7056,0.482,Unit 55,378.15
7392,0.4765,Unit 55,378.15
7728,0.4237,Unit 55,378.15
8064,0.4504,Unit 55,378.15
8400,0.4359,Unit 55,378.15
8736,0.4444,Unit 55,378.15
9072,0.426,Unit 55,378.15
9408,0.4342,Unit 55,378.15
9744,0.4004,Unit 55,378.15
336,0.8949,Unit 56,378.15
672,0.8067,Unit 56,378.15
1008,0.7586,Unit 56,378.15
1344,0.7449,Unit 56,378.15
1680,0.6984,Unit 56,378.15
2016,0.671,Unit 56,378.15
2352,0.637,Unit 56,378.15
2688,0.6232,Unit 56,378.15
3024,0.6174,Unit 56,378.15
3360,0.6096,Unit 56,378.15
3696,0.5623,Unit 56,378.15
4032,0.5607,Unit 56,378.15
4368,0.5213,Unit 56,378.15
4704,0.5459,Unit 56,378.15
5040,0.536,Unit 56,378.15
5376,0.5091,Unit 56,378.15
5712,0.5155,Unit 56,378.15
6048,0.4854,Unit 56,378.15
6384,0.5105,Unit 56,378.15
6720,0.502,Unit 56,378.15
7056,0.4698,Unit 56,378.15
7392,0.454,Unit 56,378.15
7728,0.466,Unit 56,378.15
8064,0.4418,Unit 56,378.15
8400,0.4569,Unit 56,378.15
8736,0.4084,Unit 56,378.15
9072,0.4218,Unit 56,378.15
9408,0.4095,Unit 56,378.15
9744,0.4085,Unit 56,378.15
336,0.7856,Unit 57,378.15
672,0.7681,Unit 57,378.15
1008,0.7341,Unit 57,378.15
1344,0.6872,Unit 57,378.15
1680,0.6364,Unit 57,378.15
2016,0.646,Unit 57,378.15
2352,0.6013,Unit 57,378.15
2688,0.6038,Unit 57,378.15
3024,0.5715,Unit 57,378.15
3360,0.5487,Unit 57,378.15
3696,0.5495,Unit 57,378.15
4032,0.5263,Unit 57,378.15
4368,0.502,Unit 57,378.15
4704,0.4993,Unit 57,378.15
5040,0.5245,Unit 57,378.15
5376,0.5005,Unit 57,378.15
5712,0.4887,Unit 57,378.15
6048,0.4633,Unit 57,378.15
6384,0.49,Unit 57,378.15
6720,0.4351,Unit 57,378.15
7056,0.4728,Unit 57,378.15
7392,0.4357,Unit 57,378.15
7728,0.4616,Unit 57,378.15
8064,0.4546,Unit 57,378.15
8400,0.425,Unit 57,378.15
8736,0.4474,Unit 57,378.15
9072,0.4141,Unit 57,378.15
9408,0.4162,Unit 57,378.15
9744,0.4026,Unit 57,378.15
336,0.8267,Unit 58,378.15
672,0.7318,Unit 58,378.15
1008,0.6397,Unit 58,378.15
1344,0.5905,Unit 58,378.15
1680,0.5557,Unit 58,378.15
2016,0.5136,Unit 58,378.15
2352,0.4839,Unit 58,378.15
2688,0.4414,Unit 58,378.15
3024,0.4323,Unit 58,378.15
3360,0.411,Unit 58,378.15
3696,0.3864,Unit 58,378.15
4032,0.3693,Unit 58,378.15
4368,0.3582,Unit 58,378.15
4704,0.3386,Unit 58,378.15
5040,0.3479,Unit 58,378.15
5376,0.3208,Unit 58,378.15
5712,0.2886,Unit 58,378.15
6048,0.326,Unit 58,378.15
6384,0.2891,Unit 58,378.15
6720,0.2822,Unit 58,378.15
7056,0.2788,Unit 58,378.15
7392,0.2967,Unit 58,378.15
7728,0.2574,Unit 58,378.15
8064,0.2627,Unit 58,378.15
8400,0.2693,Unit 58,378.15
8736,0.2438,Unit 58,378.15
9072,0.2095,Unit 58,378.15
9408,0.2291,Unit 58,378.15
9744,0.2226,Unit 58,378.15
336,0.7953,Unit 59,378.15
672,0.7409,Unit 59,378.15
1008,0.6774,Unit 59,378.15
1344,0.6299,Unit 59,378.15
1680,0.6014,Unit 59,378.15
2016,0.5775,Unit 59,378.15
2352,0.5478,Unit 59,378.15
2688,0.4922,Unit 59,378.15
3024,0.5253,Unit 59,378.15
3360,0.49,Unit 59,378.15
3696,0.4826,Unit 59,378.15
4032,0.4571,Unit 59,378.15
4368,0.4824,Unit 59,378.15
4704,0.4643,Unit 59,378.15
5040,0.4651,Unit 59,378.15
5376,0.4156,Unit 59,378.15
5712,0.4138,Unit 59,378.15
6048,0.408,Unit 59,378.15
6384,0.4079,Unit 59,378.15
6720,0.3972,Unit 59,378.15
7056,0.3787,Unit 59,378.15
7392,0.3737,Unit 59,378.15
7728,0.3835,Unit 59,378.15
8064,0.3658,Unit 59,378.15
8400,0.3527,Unit 59,378.15
8736,0.3824,Unit 59,378.15
9072,0.3276,Unit 59,378.15
9408,0.3602,Unit 59,378.15
9744,0.3229,Unit 59,378.15
336,0.8985,Unit 60,378.15
672,0.8275,Unit 60,378.15
1008,0.7711,Unit 60,378.15
1344,0.7598,Unit 60,378.15
1680,0.7352,Unit 60,378.15
2016,0.6577,Unit 60,378.15
2352,0.6235,Unit 60,378.15
2688,0.6204,Unit 60,378.15
3024,0.6084,Unit 60,378.15
3360,0.5994,Unit 60,378.15
3696,0.5446,Unit 60,378.15
4032,0.5527,Unit 60,378.15
4368,0.5453,Unit 60,378.15
4704,0.5495,Unit 60,378.15
5040,0.4969,Unit 60,378.15
5376,0.4782,Unit 60,378.15
5712,0.4714,Unit 60,378.15
6048,0.4325,Unit 60,378.15
6384,0.4757,Unit 60,378.15
6720,0.4533,Unit 60,378.15
7056,0.4488,Unit 60,378.15
7392,0.4077,Unit 60,378.15
7728,0.432,Unit 60,378.15
8064,0.3936,Unit 60,378.15
8400,0.4121,Unit 60,378.15
8736,0.3674,Unit 60,378.15
9072,0.3698,Unit 60,378.15
9408,0.3765,Unit 60,378.15
9744,0.3588,Unit 60,378.15
336,0.8844,Unit 61,378.15
672,0.8511,Unit 61,378.15
1008,0.8251,Unit 61,378.15
1344,0.7538,Unit 61,378.15
1680,0.7633,Unit 61,378.15
2016,0.7779,Unit 61,378.15
2352,0.7187,Unit 61,378.15
2688,0.7078,Unit 61,378.15
3024,0.7034,Unit 61,378.15
3360,0.6899,Unit 61,378.15
3696,0.6303,Unit 61,378.15
4032,0.656,Unit 61,378.15
4368,0.6188,Unit 61,378.15
4704,0.6156,Unit 61,378.15
5040,0.6447,Unit 61,378.15
5376,0.6144,Unit 61,378.15
5712,0.6041,Unit 61,378.15
6048,0.6065,Unit 61,378.15
6384,0.5725,Unit 61,378.15
6720,0.6134,Unit 61,378.15
7056,0.5801,Unit 61,378.15
7392,0.5572,Unit 61,378.15
7728,0.559,Unit 61,378.15
8064,0.5532,Unit 61,378.15
8400,0.5488,Unit 61,378.15
8736,0.568,Unit 61,378.15
9072,0.5621,Unit 61,378.15
9408,0.5264,Unit 61,378.15
9744,0.5386,Unit 61,378.15
336,0.9382,Unit 62,378.15
672,0.8322,Unit 62,378.15
1008,0.8188,Unit 62,378.15
1344,0.7745,Unit 62,378.15
1680,0.7398,Unit 62,378.15
2016,0.7342,Unit 62,378.15
2352,0.6712,Unit 62,378.15
2688,0.6561,Unit 62,378.15
3024,0.6404,Unit 62,378.15
3360,0.6176,Unit 62,378.15
3696,0.6007,Unit 62,378.15
4032,0.5717,Unit 62,378.15
4368,0.5758,Unit 62,378.15
4704,0.5545,Unit 62,378.15
5040,0.5638,Unit 62,378.15
5376,0.5183,Unit 62,378.15
5712,0.4934,Unit 62,378.15
6048,0.4877,Unit 62,378.15
6384,0.4886,Unit 62,378.15
6720,0.4561,Unit 62,378.15
7056,0.5024,Unit 62,378.15
7392,0.4942,Unit 62,378.15
7728,0.4597,Unit 62,378.15
8064,0.4293,Unit 62,378.15
8400,0.4503,Unit 62,378.15
8736,0.395,Unit 62,378.15
9072,0.435,Unit 62,378.15
9408,0.4184,Unit 62,378.15
9744,0.3939,Unit 62,378.15
336,0.9029,Unit 63,378.15
672,0.8382,Unit 63,378.15
1008,0.8111,Unit 63,378.15
1344,0.8024,Unit 63,378.15
1680,0.7742,Unit 63,378.15
2016,0.7243,Unit 63,378.15
2352,0.7229,Unit 63,378.15
2688,0.6894,Unit 63,378.15
3024,0.6999,Unit 63,378.15
3360,0.7191,Unit 63,378.15
3696,0.6747,Unit 63,378.15
4032,0.674,Unit 63,378.15
4368,0.6492,Unit 63,378.15
4704,0.6182,Unit 63,378.15
5040,0.6199,Unit 63,378.15
5376,0.6146,Unit 63,378.15
5712,0.6164,Unit 63,378.15
6048,0.5877,Unit 63,378.15
6384,0.569,Unit 63,378.15
6720,0.6056,Unit 63,378.15
7056,0.5918,Unit 63,378.15
7392,0.5547,Unit 63,378.15
7728,0.5653,Unit 63,378.15
8064,0.5527,Unit 63,378.15
8400,0.5514,Unit 63,378.15
8736,0.5269,Unit 63,378.15
9072,0.5182,Unit 63,378.15
9408,0.5413,Unit 63,378.15
9744,0.5152,Unit 63,378.15
336,0.8442,Unit 64,378.15
672,0.717,Unit 64,378.15
1008,0.6734,Unit 64,378.15
1344,0.5946,Unit 64,378.15
1680,0.5535,Unit 64,378.15
2016,0.5023,Unit 64,378.15
2352,0.4847,Unit 64,378.15
2688,0.4741,Unit 64,378.15
3024,0.4335,Unit 64,378.15
3360,0.4073,Unit 64,378.15
3696,0.3957,Unit 64,378.15
4032,0.3927,Unit 64,378.15
4368,0.42,Unit 64,378.15
4704,0.3428,Unit 64,378.15
5040,0.3403,Unit 64,378.15
5376,0.3058,Unit 64,378.15
5712,0.3176,Unit 64,378.15
6048,0.3174,Unit 64,378.15
6384,0.3046,Unit 64,378.15
6720,0.2634,Unit 64,378.15
7056,0.28,Unit 64,378.15
7392,0.2683,Unit 64,378.15
7728,0.2873,Unit 64,378.15
8064,0.253,Unit 64,378.15
8400,0.2781,Unit 64,378.15
8736,0.2377,Unit 64,378.15
9072,0.2611,Unit 64,378.15
9408,0.2577,Unit 64,378.15
9744,0.2153,Unit 64,378.15
336,0.874,Unit 65,378.15
672,0.7895,Unit 65,378.15
1008,0.7407,Unit 65,378.15
1344,0.7036,Unit 65,378.15
1680,0.683,Unit 65,378.15
2016,0.62,Unit 65,378.15
2352,0.6149,Unit 65,378.15
2688,0.6079,Unit 65,378.15
3024,0.5681,Unit 65,378.15
3360,0.5767,Unit 65,378.15
3696,0.5587,Unit 65,378.15
4032,0.5304,Unit 65,378.15
4368,0.5439,Unit 65,378.15
4704,0.5154,Unit 65,378.15
5040,0.501,Unit 65,378.15
5376,0.5055,Unit 65,378.15
5712,0.4382,Unit 65,378.15
6048,0.4683,Unit 65,378.15
6384,0.4776,Unit 65,378.15
6720,0.4162,Unit 65,378.15
7056,0.4002,Unit 65,378.15
7392,0.4228,Unit 65,378.15
7728,0.4363,Unit 65,378.15
8064,0.4172,Unit 65,378.15
8400,0.4242,Unit 65,378.15
8736,0.4043,Unit 65,378.15
9072,0.4212,Unit 65,378.15
9408,0.3846,Unit 65,378.15
9744,0.4013,Unit 65,378.15
336,0.8505,Unit 66,378.15
672,0.794,Unit 66,378.15
1008,0.7928,Unit 66,378.15
1344,0.707,Unit 66,378.15
1680,0.6747,Unit 66,378.15
2016,0.6831,Unit 66,378.15
2352,0.6554,Unit 66,378.15
2688,0.6525,Unit 66,378.15
3024,0.5911,Unit 66,378.15
3360,0.5982,Unit 66,378.15
3696,0.5749,Unit 66,378.15
4032,0.5813,Unit 66,378.15
4368,0.5619,Unit 66,378.15
4704,0.57,Unit 66,378.15
5040,0.5378,Unit 66,378.15
5376,0.5314,Unit 66,378.15
5712,0.5085,Unit 66,378.15
6048,0.5025,Unit 66,378.15
6384,0.5067,Unit 66,378.15
6720,0.4704,Unit 66,378.15
7056,0.5011,Unit 66,378.15
7392,0.4698,Unit 66,378.15
7728,0.4795,Unit 66,378.15
8064,0.4626,Unit 66,378.15
8400,0.4836,Unit 66,378.15
8736,0.4392,Unit 66,378.15
9072,0.416,Unit 66,378.15
9408,0.4615,Unit 66,378.15
9744,0.442,Unit 66,378.15
336,0.9508,Unit 67,378.15
672,0.8582,Unit 67,378.15
1008,0.8583,Unit 67,378.15
1344,0.8001,Unit 67,378.15
1680,0.7899,Unit 67,378.15
2016,0.7506,Unit 67,378.15
2352,0.7327,Unit 67,378.15
2688,0.7074,Unit 67,378.15
3024,0.7094,Unit 67,378.15
3360,0.6947,Unit 67,378.15
3696,0.6458,Unit 67,378.15
4032,0.6448,Unit 67,378.15
4368,0.6419,Unit 67,378.15
4704,0.6594,Unit 67,378.15
5040,0.6088,Unit 67,378.15
5376,0.6449,Unit 67,378.15
5712,0.6055,Unit 67,378.15
6048,0.6176,Unit 67,378.15
6384,0.5903,Unit 67,378.15
6720,0.5559,Unit 67,378.15
7056,0.5917,Unit 67,378.15
7392,0.5753,Unit 67,378.15
7728,0.5581,Unit 67,378.15
8064,0.5782,Unit 67,378.15
8400,0.5449,Unit 67,378.15
8736,0.5638,Unit 67,378.15
9072,0.5179,Unit 67,378.15
9408,0.5373,Unit 67,378.15
9744,0.5134,Unit 67,378.15
336,0.8493,Unit 68,378.15
672,0.7966,Unit 68,378.15
1008,0.7428,Unit 68,378.15
1344,0.7163,Unit 68,378.15
1680,0.6666,Unit 68,378.15
2016,0.653,Unit 68,378.15
2352,0.5959,Unit 68,378.15
2688,0.5728,Unit 68,378.15
3024,0.5987,Unit 68,378.15
3360,0.5702,Unit 68,378.15
3696,0.5524,Unit 68,378.15
4032,0.52,Unit 68,378.15
4368,0.5435,Unit 68,378.15
4704,0.4803,Unit 68,378.15
5040,0.5002,Unit 68,378.15
5376,0.4812,Unit 68,378.15
5712,0.4715,Unit 68,378.15
6048,0.4848,Unit 68,378.15
6384,0.4692,Unit 68,378.15
6720,0.4525,Unit 68,378.15
7056,0.4542,Unit 68,378.15
7392,0.4382,Unit 68,378.15
7728,0.4297,Unit 68,378.15
8064,0.4396,Unit 68,378.15
8400,0.3982,Unit 68,378.15
8736,0.3894,Unit 68,378.15
9072,0.3884,Unit 68,378.15
9408,0.4057,Unit 68,378.15
9744,0.3495,Unit 68,378.15
336,0.6145,Unit 69,378.15
672,0.5373,Unit 69,378.15
1008,0.4958,Unit 69,378.15
1344,0.5025,Unit 69,378.15
1680,0.4421,Unit 69,378.15
2016,0.4341,Unit 69,378.15
2352,0.4132,Unit 69,378.15
2688,0.3794,Unit 69,378.15
3024,0.4095,Unit 69,378.15
3360,0.3849,Unit 69,378.15
3696,0.3545,Unit 69,378.15
4032,0.3589,Unit 69,378.15
4368,0.3539,Unit 69,378.15
4704,0.3331,Unit 69,378.15
5040,0.3392,Unit 69,378.15
5376,0.3491,Unit 69,378.15
5712,0.3564,Unit 69,378.15
6048,0.334,Unit 69,378.15
6384,0.3365,Unit 69,378.15
6720,0.3147,Unit 69,378.15
7056,0.3077,Unit 69,378.15
7392,0.3127,Unit 69,378.15
7728,0.3276,Unit 69,378.15
8064,0.3157,Unit 69,378.15
8400,0.3285,Unit 69,378.15
8736,0.2619,Unit 69,378.15
9072,0.2927,Unit 69,378.15
9408,0.276,Unit 69,378.15
9744,0.298,Unit 69,378.15
336,0.8559,Unit 70,378.15
672,0.7804,Unit 70,378.15
1008,0.7333,Unit 70,378.15
1344,0.6581,Unit 70,378.15
1680,0.6449,Unit 70,378.15
2016,0.5878,Unit 70,378.15
2352,0.5416,Unit 70,378.15
2688,0.5313,Unit 70,378.15
3024,0.528,Unit 70,378.15
3360,0.4927,Unit 70,378.15
3696,0.4449,Unit 70,378.15
4032,0.4608,Unit 70,378.15
4368,0.4597,Unit 70,378.15
4704,0.4121,Unit 70,378.15
5040,0.3538,Unit 70,378.15
5376,0.3984,Unit 70,378.15
5712,0.374,Unit 70,378.15
6048,0.3674,Unit 70,378.15
6384,0.3121,Unit 70,378.15
6720,0.3382,Unit 70,378.15
7056,0.302,Unit 70,378.15
7392,0.3156,Unit 70,378.15
7728,0.3136,Unit 70,378.15
8064,0.2816,Unit 70,378.15
8400,0.2829,Unit 70,378.15
8736,0.2807,Unit 70,378.15
9072,0.3013,Unit 70,378.15
9408,0.2791,Unit 70,378.15
9744,0.2387,Unit 70,378.15
336,0.9502,Unit 71,378.15
672,0.8723,Unit 71,378.15
1008,0.8175,Unit 71,378.15
1344,0.8097,Unit 71,378.15
1680,0.784,Unit 71,378.15
2016,0.7357,Unit 71,378.15
2352,0.7231,Unit 71,378.15
2688,0.6817,Unit 71,378.15
3024,0.6684,Unit 71,378.15
3360,0.6865,Unit 71,378.15
3696,0.651,Unit 71,378.15
4032,0.6115,Unit 71,378.15
4368,0.6169,Unit 71,378.15
4704,0.6138,Unit 71,378.15
5040,0.573,Unit 71,378.15
5376,0.5809,Unit 71,378.15
5712,0.5424,Unit 71,378.15
6048,0.5726,Unit 71,378.15
6384,0.5249,Unit 71,378.15
6720,0.5188,Unit 71,378.15
7056,0.5138,Unit 71,378.15
7392,0.5437,Unit 71,378.15
7728,0.4987,Unit 71,378.15
8064,0.4715,Unit 71,378.15
8400,0.4526,Unit 71,378.15
8736,0.465,Unit 71,378.15
9072,0.4424,Unit 71,378.15
9408,0.4448,Unit 71,378.15
9744,0.4156,Unit 71,378.15
336,0.8971,Unit 72,378.15
672,0.7984,Unit 72,378.15
1008,0.7122,Unit 72,378.15
1344,0.6745,Unit 72,378.15
1680,0.6723,Unit 72,378.15
2016,0.618,Unit 72,378.15
2352,0.5937,Unit 72,378.15
2688,0.5902,Unit 72,378.15
3024,0.5388,Unit 72,378.15
3360,0.5296,Unit 72,378.15
3696,0.4828,Unit 72,378.15
4032,0.4626,Unit 72,378.15
4368,0.4595,Unit 72,378.15
4704,0.4695,Unit 72,378.15
5040,0.4488,Unit 72,378.15
5376,0.4622,Unit 72,378.15
5712,0.4273,Unit 72,378.15
6048,0.4413,Unit 72,378.15
6384,0.4103,Unit 72,378.15
6720,0.4055,Unit 72,378.15
7056,0.4029,Unit 72,378.15
7392,0.3523,Unit 72,378.15
7728,0.3706,Unit 72,378.15
8064,0.3669,Unit 72,378.15
8400,0.3588,Unit 72,378.15
8736,0.3537,Unit 72,378.15
9072,0.3401,Unit 72,378.15
9408,0.3497,Unit 72,378.15
9744,0.3165,Unit 72,378.15
336,0.8144,Unit 73,378.15
672,0.7456,Unit 73,378.15
1008,0.6705,Unit 73,378.15
1344,0.6525,Unit 73,378.15
1680,0.5796,Unit 73,378.15
2016,0.5267,Unit 73,378.15
2352,0.4844,Unit 73,378.15
2688,0.4736,Unit 73,378.15
3024,0.4533,Unit 73,378.15
3360,0.4392,Unit 73,378.15
3696,0.4034,Unit 73,378.15
4032,0.3674,Unit 73,378.15
4368,0.3994,Unit 73,378.15
4704,0.3528,Unit 73,378.15
5040,0.3698,Unit 73,378.15
5376,0.3224,Unit 73,378.15
5712,0.3139,Unit 73,378.15
6048,0.3288,Unit 73,378.15
6384,0.2903,Unit 73,378.15
6720,0.2954,Unit 73,378.15
7056,0.3176,Unit 73,378.15
7392,0.2804,Unit 73,378.15
7728,0.2365,Unit 73,378.15
8064,0.2263,Unit 73,378.15
8400,0.2667,Unit 73,378.15
8736,0.2606,Unit 73,378.15
9072,0.2231,Unit 73,378.15
9408,0.2275,Unit 73,378.15
9744,0.267,Unit 73,378.15
336,0.8649,Unit 74,378.15
672,0.803,Unit 74,378.15
1008,0.789,Unit 74,378.15
1344,0.7529,Unit 74,378.15
1680,0.7178,Unit 74,378.15
2016,0.6906,Unit 74,378.15
2352,0.7052,Unit 74,378.15
2688,0.6907,Unit 74,378.15
3024,0.6452,Unit 74,378.15
3360,0.6377,Unit 74,378.15
3696,0.629,Unit 74,378.15
4032,0.6407,Unit 74,378.15
4368,0.6287,Unit 74,378.15
4704,0.596,Unit 74,378.15
5040,0.5852,Unit 74,378.15
5376,0.578,Unit 74,378.15
5712,0.5836,Unit 74,378.15
6048,0.5978,Unit 74,378.15
6384,0.5479,Unit 74,378.15
6720,0.5894,Unit 74,378.15
7056,0.5746,Unit 74,378.15
7392,0.5626,Unit 74,378.15
7728,0.5488,Unit 74,378.15
8064,0.5129,Unit 74,378.15
8400,0.5366,Unit 74,378.15
8736,0.5022,Unit 74,378.15
9072,0.4777,Unit 74,378.15
9408,0.5048,Unit 74,378.15
9744,0.5126,Unit 74,378.15
336,0.794,Unit 75,378.15
672,0.6921,Unit 75,378.15
1008,0.6009,Unit 75,378.15
1344,0.5858,Unit 75,378.15
1680,0.5901,Unit 75,378.15
2016,0.5289,Unit 75,378.15
2352,0.5178,Unit 75,378.15
2688,0.471,Unit 75,378.15
3024,0.4715,Unit 75,378.15
3360,0.4289,Unit 75,378.15
3696,0.3967,Unit 75,378.15
4032,0.4025,Unit 75,378.15
4368,0.3832,Unit 75,378.15
4704,0.3647,Unit 75,378.15
5040,0.3412,Unit 75,378.15
5376,0.337,Unit 75,378.15
5712,0.3329,Unit 75,378.15
6048,0.2989,Unit 75,378.15
6384,0.3251,Unit 75,378.15
6720,0.291,Unit 75,378.15
7056,0.3306,Unit 75,378.15
7392,0.2717,Unit 75,378.15
7728,0.2597,Unit 75,378.15
8064,0.2716,Unit 75,378.15
8400,0.2629,Unit 75,378.15
8736,0.2721,Unit 75,378.15
9072,0.2782,Unit 75,378.15
9408,0.2294,Unit 75,378.15
9744,0.2385,Unit 75,378.15
